{"cameraMode":{"drawMode":0,"name":"Shaded","section":"Shading Mode"},"sceneLighting":false,"audioPlay":false,"sceneViewState":{"showFog":true,"showMaterialUpdate":false,"showSkybox":false,"showFlares":true,"showImageEffects":true,"showParticleSystems":true},"in2DMode":false,"pivot":{"x":-0.8400323390960693,"y":1.339721918106079,"z":0.108437180519104},"rotation":{"x":0.3332098424434662,"y":0.031106386333703996,"z":-0.010999897494912148,"w":0.9422758221626282},"size":6.792552471160889,"orthographic":false}