{"cameraMode":{"drawMode":0,"name":"Shaded","section":"Shading Mode"},"sceneLighting":true,"audioPlay":false,"sceneViewState":{"showFog":true,"showMaterialUpdate":false,"showSkybox":true,"showFlares":true,"showImageEffects":true,"showParticleSystems":true},"in2DMode":false,"pivot":{"x":14.624048233032227,"y":-0.3237490653991699,"z":75.7918701171875},"rotation":{"x":0.16717582941055299,"y":-0.2993892431259155,"z":0.05336327478289604,"w":0.9378600120544434},"size":13.383966445922852,"orthographic":false}