{"cameraMode":{"drawMode":0,"name":"Shaded","section":"Shading Mode"},"sceneLighting":true,"audioPlay":false,"sceneViewState":{"showFog":true,"showMaterialUpdate":false,"showSkybox":true,"showFlares":true,"showImageEffects":true,"showParticleSystems":true},"in2DMode":false,"pivot":{"x":-9.427741050720215,"y":-7.705395698547363,"z":23.175128936767579},"rotation":{"x":0.17359285056591035,"y":-0.14419880509376527,"z":0.025702930986881257,"w":0.9738669395446777},"size":61.579689025878909,"orthographic":false}